Height,Weight,BMI
1.6,50.0,19.531249999999996
1.8,60.0,18.51851851851852
2.0,64.0,16.0
2.5,95.0,15.2
