Height,Weight,BMI
1.6,50,19.531249999999996
1.8,60,18.51851851851852
2,64,16
2.5,95,15.2
